paper_id,section_id,section_name,section_type,claim_id,claim_profile,claim_text,subject,predicate,object,context_summary,context_json,details_summary,details_json,linked_evidence_ids,evidence_count,evidence_summary,evidence_items_json,links_json
Roessler_Koellinger_2012,section_a35c087993287670,A labor market auction model of entrepreneurship,OTHER,claim_716099b0e7674103,generic_result,Entrepreneurs determine management structures through wage offers in a labor market auction.,entrepreneurs,determines,management structures,mechanism=through wage offers in a labor market auction,"{""mechanism"": {""entity_type"": ""mechanism"", ""ontology"": null, ""value"": ""through wage offers in a labor market auction""}}",,{},evidence_588d18b535caf30d,1,theoretical_argument: The model describes how entrepreneurs determine management structures via wage offers in a simultaneous auction.,"[{""context"": {""section_type"": {""entity_type"": ""section_type"", ""ontology"": null, ""value"": ""OTHER""}}, ""details"": {""outcome_name"": ""management structures"", ""value"": ""determination by entrepreneurs""}, ""evidence_id"": ""evidence_588d18b535caf30d"", ""evidence_method"": {""entity_type"": ""evidence_method"", ""ontology"": null, ""value"": ""theoretical_argument""}, ""ontology"": {""annotation_type"": ""classification"", ""candidate_mappings"": [], ""mapping_method"": ""section_context_v1_string_fallback"", ""mapping_status"": ""unresolved"", ""normalized_text"": ""Entrepreneurship"", ""raw_text"": ""Entrepreneurship"", ""selected_mapping"": null}, ""outcome_type"": {""entity_type"": ""outcome_type"", ""ontology"": null, ""value"": ""mechanistic_pathway""}, ""paper_id"": ""Roessler_Koellinger_2012"", ""presentation_type"": {""entity_type"": ""presentation_type"", ""ontology"": null, ""value"": ""text""}, ""role"": ""supporting claim"", ""source_span_ids"": [""Roessler_Koellinger_2012-span-0011"", ""Roessler_Koellinger_2012-span-0012"", ""Roessler_Koellinger_2012-span-0013"", ""Roessler_Koellinger_2012-span-0014"", ""Roessler_Koellinger_2012-span-0015"", ""Roessler_Koellinger_2012-span-0016"", ""Roessler_Koellinger_2012-span-0017"", ""Roessler_Koellinger_2012-span-0018"", ""Roessler_Koellinger_2012-span-0019"", ""Roessler_Koellinger_2012-span-0020""], ""summary_text"": ""The model describes how entrepreneurs determine management structures via wage offers in a simultaneous auction.""}]","[{""claim_id"": ""claim_716099b0e7674103"", ""confidence"": 0.9, ""evidence_id"": ""evidence_588d18b535caf30d"", ""link_id"": ""claim_evidence_link_361d227bae211f60"", ""relation"": ""supports""}]"
Roessler_Koellinger_2012,section_a35c087993287670,A labor market auction model of entrepreneurship,OTHER,claim_d0fd07c4f141dcbd,generic_result,Conditional productivities reflect the output potential of agents under different management scenarios.,conditional productivities,reflects,output potential of agents,,{},,{},evidence_71abfefdca438488,1,theoretical_argument: The concept of conditional productivities is outlined as reflecting output potential.,"[{""context"": {""section_type"": {""entity_type"": ""section_type"", ""ontology"": null, ""value"": ""OTHER""}}, ""details"": {""outcome_name"": ""output potential of agents""}, ""evidence_id"": ""evidence_71abfefdca438488"", ""evidence_method"": {""entity_type"": ""evidence_method"", ""ontology"": null, ""value"": ""theoretical_argument""}, ""ontology"": {""annotation_type"": ""classification"", ""candidate_mappings"": [], ""mapping_method"": ""section_context_v1_string_fallback"", ""mapping_status"": ""unresolved"", ""normalized_text"": ""Productivity"", ""raw_text"": ""Productivity"", ""selected_mapping"": null}, ""outcome_type"": {""entity_type"": ""outcome_type"", ""ontology"": null, ""value"": ""quantitative_measure""}, ""paper_id"": ""Roessler_Koellinger_2012"", ""presentation_type"": {""entity_type"": ""presentation_type"", ""ontology"": null, ""value"": ""text""}, ""role"": ""supporting claim"", ""source_span_ids"": [""Roessler_Koellinger_2012-span-0011"", ""Roessler_Koellinger_2012-span-0012"", ""Roessler_Koellinger_2012-span-0013"", ""Roessler_Koellinger_2012-span-0014"", ""Roessler_Koellinger_2012-span-0015"", ""Roessler_Koellinger_2012-span-0016"", ""Roessler_Koellinger_2012-span-0017"", ""Roessler_Koellinger_2012-span-0018"", ""Roessler_Koellinger_2012-span-0019"", ""Roessler_Koellinger_2012-span-0020""], ""summary_text"": ""The concept of conditional productivities is outlined as reflecting output potential.""}]","[{""claim_id"": ""claim_d0fd07c4f141dcbd"", ""confidence"": 0.9, ""evidence_id"": ""evidence_71abfefdca438488"", ""link_id"": ""claim_evidence_link_b010a2bb07fabc72"", ""relation"": ""supports""}]"
Roessler_Koellinger_2012,section_a35c087993287670,A labor market auction model of entrepreneurship,OTHER,claim_2b02b4cd0a8fdb65,generic_result,The total output of the firm is the sum of individual outputs based on managerial assignments.,total output of the firm,is,sum of individual outputs,analysis_context=based on managerial assignments,"{""analysis_context"": {""entity_type"": ""analysis_context"", ""ontology"": null, ""value"": ""based on managerial assignments""}}",,{},evidence_7f3cfbe0782686e5,1,theoretical_argument: The total output of the firm is described as the sum of individual outputs determined by managerial assignments.,"[{""context"": {""section_type"": {""entity_type"": ""section_type"", ""ontology"": null, ""value"": ""OTHER""}}, ""details"": {""outcome_name"": ""total output of the firm"", ""value"": ""sum of individual outputs""}, ""evidence_id"": ""evidence_7f3cfbe0782686e5"", ""evidence_method"": {""entity_type"": ""evidence_method"", ""ontology"": null, ""value"": ""theoretical_argument""}, ""ontology"": {""annotation_type"": ""classification"", ""candidate_mappings"": [], ""mapping_method"": ""section_context_v1_string_fallback"", ""mapping_status"": ""unresolved"", ""normalized_text"": ""Firm Output"", ""raw_text"": ""Firm Output"", ""selected_mapping"": null}, ""outcome_type"": {""entity_type"": ""outcome_type"", ""ontology"": null, ""value"": ""quantitative_measure""}, ""paper_id"": ""Roessler_Koellinger_2012"", ""presentation_type"": {""entity_type"": ""presentation_type"", ""ontology"": null, ""value"": ""text""}, ""role"": ""supporting claim"", ""source_span_ids"": [""Roessler_Koellinger_2012-span-0011"", ""Roessler_Koellinger_2012-span-0012"", ""Roessler_Koellinger_2012-span-0013"", ""Roessler_Koellinger_2012-span-0014"", ""Roessler_Koellinger_2012-span-0015"", ""Roessler_Koellinger_2012-span-0016"", ""Roessler_Koellinger_2012-span-0017"", ""Roessler_Koellinger_2012-span-0018"", ""Roessler_Koellinger_2012-span-0019"", ""Roessler_Koellinger_2012-span-0020""], ""summary_text"": ""The total output of the firm is described as the sum of individual outputs determined by managerial assignments.""}]","[{""claim_id"": ""claim_2b02b4cd0a8fdb65"", ""confidence"": 0.9, ""evidence_id"": ""evidence_7f3cfbe0782686e5"", ""link_id"": ""claim_evidence_link_36c2f2fca9ca1f94"", ""relation"": ""supports""}]"
Roessler_Koellinger_2012,section_52c59bda08842fe2,Conditional productivities and noncircularity,OTHER,claim_c8aca2e9c805470a,generic_result,Conditional productivity reflects the revenue generated by employees under specific managers.,conditional productivity,reflects,revenue generated by employees,,"{""analysis_context"": {""entity_type"": ""analysis_context"", ""ontology"": null, ""value"": """"}, ""condition"": {""entity_type"": ""condition"", ""ontology"": null, ""value"": """"}, ""modality"": {""entity_type"": ""modality"", ""ontology"": null, ""value"": """"}}",,{},evidence_085894122295168c,1,theoretical_argument: The conditional productivity v_ij is the revenue that j can generate for the firm F_h if the entrepreneur h assigns i as j's manager.,"[{""context"": {""section_type"": {""entity_type"": ""section_type"", ""ontology"": null, ""value"": ""OTHER""}}, ""details"": {""outcome_name"": ""conditional productivity"", ""value"": ""profit before wages""}, ""evidence_id"": ""evidence_085894122295168c"", ""evidence_method"": {""entity_type"": ""evidence_method"", ""ontology"": null, ""value"": ""theoretical_argument""}, ""ontology"": {""annotation_type"": ""classification"", ""candidate_mappings"": [], ""mapping_method"": ""section_context_v1_string_fallback"", ""mapping_status"": ""unresolved"", ""normalized_text"": ""financial_outcomes"", ""raw_text"": ""financial_outcomes"", ""selected_mapping"": null}, ""outcome_type"": {""entity_type"": ""outcome_type"", ""ontology"": null, ""value"": ""quantitative_measure""}, ""paper_id"": ""Roessler_Koellinger_2012"", ""presentation_type"": {""entity_type"": ""presentation_type"", ""ontology"": null, ""value"": ""text""}, ""role"": ""conditional productivity definition"", ""source_span_ids"": [""Roessler_Koellinger_2012-span-0021"", ""Roessler_Koellinger_2012-span-0022"", ""Roessler_Koellinger_2012-span-0023"", ""Roessler_Koellinger_2012-span-0024"", ""Roessler_Koellinger_2012-span-0025"", ""Roessler_Koellinger_2012-span-0026"", ""Roessler_Koellinger_2012-span-0027""], ""summary_text"": ""The conditional productivity v_ij is the revenue that j can generate for the firm F_h if the entrepreneur h assigns i as j's manager.""}]","[{""claim_id"": ""claim_c8aca2e9c805470a"", ""confidence"": 0.85, ""evidence_id"": ""evidence_085894122295168c"", ""link_id"": ""claim_evidence_link_88e9712d3dccb760"", ""relation"": ""supports""}]"
Roessler_Koellinger_2012,section_52c59bda08842fe2,Conditional productivities and noncircularity,OTHER,claim_f3edfe0a23b38043,generic_result,The axiom of noncircularity dictates how managerial abilities can be ranked within organizations.,axiom of noncircularity,dictates,ranking of managerial abilities,analysis_context=within organizations,"{""analysis_context"": {""entity_type"": ""analysis_context"", ""ontology"": null, ""value"": ""within organizations""}}",,{},evidence_c3f00f1413cbb387,1,theoretical_argument: The axiom of noncircularity stipulates that managers can be ranked according to their effectiveness.,"[{""context"": {""section_type"": {""entity_type"": ""section_type"", ""ontology"": null, ""value"": ""OTHER""}}, ""details"": {""outcome_name"": ""managerial effectiveness"", ""value"": ""ranking based on transitivity""}, ""evidence_id"": ""evidence_c3f00f1413cbb387"", ""evidence_method"": {""entity_type"": ""evidence_method"", ""ontology"": null, ""value"": ""theoretical_argument""}, ""ontology"": {""annotation_type"": ""classification"", ""candidate_mappings"": [], ""mapping_method"": ""section_context_v1_string_fallback"", ""mapping_status"": ""unresolved"", ""normalized_text"": ""organizational_principles"", ""raw_text"": ""organizational_principles"", ""selected_mapping"": null}, ""outcome_type"": {""entity_type"": ""outcome_type"", ""ontology"": null, ""value"": ""quantitative_measure""}, ""paper_id"": ""Roessler_Koellinger_2012"", ""presentation_type"": {""entity_type"": ""presentation_type"", ""ontology"": null, ""value"": ""text""}, ""role"": ""noncircularity axiom description"", ""source_span_ids"": [""Roessler_Koellinger_2012-span-0021"", ""Roessler_Koellinger_2012-span-0022"", ""Roessler_Koellinger_2012-span-0023"", ""Roessler_Koellinger_2012-span-0024"", ""Roessler_Koellinger_2012-span-0025"", ""Roessler_Koellinger_2012-span-0026"", ""Roessler_Koellinger_2012-span-0027""], ""summary_text"": ""The axiom of noncircularity stipulates that managers can be ranked according to their effectiveness.""}]","[{""claim_id"": ""claim_f3edfe0a23b38043"", ""confidence"": 0.85, ""evidence_id"": ""evidence_c3f00f1413cbb387"", ""link_id"": ""claim_evidence_link_57ceeaaa56b620df"", ""relation"": ""supports""}]"
Roessler_Koellinger_2012,section_52c59bda08842fe2,Conditional productivities and noncircularity,OTHER,claim_4e5298e6e4959493,generic_result,Positive agency cost implies that a manager can manage themselves more effectively than managing others.,positive agency cost,implies,more effective self-management,analysis_context=individual management,"{""analysis_context"": {""entity_type"": ""analysis_context"", ""ontology"": null, ""value"": ""individual management""}}",,{},evidence_5c17f19eeece8f8c,1,theoretical_argument: Positive agency cost suggests that a manager is more effective in self-management than in managing others.,"[{""context"": {""section_type"": {""entity_type"": ""section_type"", ""ontology"": null, ""value"": ""OTHER""}}, ""details"": {""outcome_name"": ""efficiency in self-management"", ""value"": ""greater than managing others""}, ""evidence_id"": ""evidence_5c17f19eeece8f8c"", ""evidence_method"": {""entity_type"": ""evidence_method"", ""ontology"": null, ""value"": ""theoretical_argument""}, ""ontology"": {""annotation_type"": ""classification"", ""candidate_mappings"": [], ""mapping_method"": ""section_context_v1_string_fallback"", ""mapping_status"": ""unresolved"", ""normalized_text"": ""management_efficiency"", ""raw_text"": ""management_efficiency"", ""selected_mapping"": null}, ""outcome_type"": {""entity_type"": ""outcome_type"", ""ontology"": null, ""value"": ""quantitative_measure""}, ""paper_id"": ""Roessler_Koellinger_2012"", ""presentation_type"": {""entity_type"": ""presentation_type"", ""ontology"": null, ""value"": ""text""}, ""role"": ""positive agency cost explanation"", ""source_span_ids"": [""Roessler_Koellinger_2012-span-0021"", ""Roessler_Koellinger_2012-span-0022"", ""Roessler_Koellinger_2012-span-0023"", ""Roessler_Koellinger_2012-span-0024"", ""Roessler_Koellinger_2012-span-0025"", ""Roessler_Koellinger_2012-span-0026"", ""Roessler_Koellinger_2012-span-0027""], ""summary_text"": ""Positive agency cost suggests that a manager is more effective in self-management than in managing others.""}]","[{""claim_id"": ""claim_4e5298e6e4959493"", ""confidence"": 0.85, ""evidence_id"": ""evidence_5c17f19eeece8f8c"", ""link_id"": ""claim_evidence_link_ee63d73a80ffbec9"", ""relation"": ""supports""}]"
Roessler_Koellinger_2012,section_fe96c49fea2d96a4,Non-cooperative game,OTHER,claim_1df9e63dfa807332,generic_result,Managerial assignments in firms are determined through a hierarchical structure.,managerial assignments,are determined through,hierarchical structure,,{},,{},evidence_3c1d117ea8b04377,1,"theoretical_argument: The labor market is modeled as a game for each individual, with defined strategy spaces impacting managerial assignments and wage offers.","[{""context"": {""section_type"": {""entity_type"": ""section_type"", ""ontology"": null, ""value"": ""OTHER""}}, ""details"": {}, ""evidence_id"": ""evidence_3c1d117ea8b04377"", ""evidence_method"": {""entity_type"": ""evidence_method"", ""ontology"": null, ""value"": ""theoretical_argument""}, ""ontology"": null, ""outcome_type"": {""entity_type"": ""outcome_type"", ""ontology"": null, ""value"": ""behavioral_outcome""}, ""paper_id"": ""Roessler_Koellinger_2012"", ""presentation_type"": {""entity_type"": ""presentation_type"", ""ontology"": null, ""value"": ""text""}, ""role"": ""evidence of labor market dynamics"", ""source_span_ids"": [""Roessler_Koellinger_2012-span-0028"", ""Roessler_Koellinger_2012-span-0029"", ""Roessler_Koellinger_2012-span-0030"", ""Roessler_Koellinger_2012-span-0031"", ""Roessler_Koellinger_2012-span-0032"", ""Roessler_Koellinger_2012-span-0033"", ""Roessler_Koellinger_2012-span-0034"", ""Roessler_Koellinger_2012-span-0035"", ""Roessler_Koellinger_2012-span-0036"", ""Roessler_Koellinger_2012-span-0037"", ""Roessler_Koellinger_2012-span-0038"", ""Roessler_Koellinger_2012-span-0039"", ""Roessler_Koellinger_2012-span-0040"", ""Roessler_Koellinger_2012-span-0041"", ""Roessler_Koellinger_2012-span-0042"", ""Roessler_Koellinger_2012-span-0043"", ""Roessler_Koellinger_2012-span-0044""], ""summary_text"": ""The labor market is modeled as a game for each individual, with defined strategy spaces impacting managerial assignments and wage offers.""}]","[{""claim_id"": ""claim_1df9e63dfa807332"", ""confidence"": 0.85, ""evidence_id"": ""evidence_3c1d117ea8b04377"", ""link_id"": ""claim_evidence_link_c8ae7b3b24db7a5b"", ""relation"": ""supports""}]"
Roessler_Koellinger_2012,section_fe96c49fea2d96a4,Non-cooperative game,OTHER,claim_e5299e68604d0730,generic_result,"The identities of entrepreneurs and employees, as well as the organization structures of their firms, are uniquely determined in equilibrium.",entrepreneurs and employees,are uniquely determined in,equilibrium,,{},,{},evidence_f6ed1ed2a7854e65,1,"theoretical_argument: Identities of entrepreneurs and employees, as well as organization structures, are determined uniquely in equilibrium.","[{""context"": {""section_type"": {""entity_type"": ""section_type"", ""ontology"": null, ""value"": ""OTHER""}}, ""details"": {}, ""evidence_id"": ""evidence_f6ed1ed2a7854e65"", ""evidence_method"": {""entity_type"": ""evidence_method"", ""ontology"": null, ""value"": ""theoretical_argument""}, ""ontology"": null, ""outcome_type"": {""entity_type"": ""outcome_type"", ""ontology"": null, ""value"": ""mechanistic_pathway""}, ""paper_id"": ""Roessler_Koellinger_2012"", ""presentation_type"": {""entity_type"": ""presentation_type"", ""ontology"": null, ""value"": ""text""}, ""role"": ""evidence of unique determination of firm identities"", ""source_span_ids"": [""Roessler_Koellinger_2012-span-0028"", ""Roessler_Koellinger_2012-span-0029"", ""Roessler_Koellinger_2012-span-0030"", ""Roessler_Koellinger_2012-span-0031"", ""Roessler_Koellinger_2012-span-0032"", ""Roessler_Koellinger_2012-span-0033"", ""Roessler_Koellinger_2012-span-0034"", ""Roessler_Koellinger_2012-span-0035"", ""Roessler_Koellinger_2012-span-0036"", ""Roessler_Koellinger_2012-span-0037"", ""Roessler_Koellinger_2012-span-0038"", ""Roessler_Koellinger_2012-span-0039"", ""Roessler_Koellinger_2012-span-0040"", ""Roessler_Koellinger_2012-span-0041"", ""Roessler_Koellinger_2012-span-0042"", ""Roessler_Koellinger_2012-span-0043"", ""Roessler_Koellinger_2012-span-0044""], ""summary_text"": ""Identities of entrepreneurs and employees, as well as organization structures, are determined uniquely in equilibrium.""}]","[{""claim_id"": ""claim_e5299e68604d0730"", ""confidence"": 0.85, ""evidence_id"": ""evidence_f6ed1ed2a7854e65"", ""link_id"": ""claim_evidence_link_29513f31c14ae042"", ""relation"": ""supports""}]"
Roessler_Koellinger_2012,section_07a8db112a8ae560,Equilibrium membership and organization,OTHER,claim_bf19b935cf8d4e7b,generic_result,Equilibrium firms are characterized by blocks of complementary individuals who can create value independently of outsiders.,equilibrium firms,are_characterized_by,blocks of complementary individuals,condition=derived from equilibrium constraints; setting=firm organization,"{""condition"": {""entity_type"": ""condition"", ""ontology"": null, ""value"": ""derived from equilibrium constraints""}, ""setting"": {""entity_type"": ""setting"", ""ontology"": null, ""value"": ""firm organization""}}",,{},evidence_a4b8660fc3e849bd,1,"theoretical_argument: Firms will be blocks of complementary individuals who can create value, i.e. effectively manage each other, independently of outsiders.","[{""context"": {""condition"": {""entity_type"": ""condition"", ""ontology"": null, ""value"": ""equilibrium play""}, ""setting"": {""entity_type"": ""setting"", ""ontology"": null, ""value"": ""firm organization""}}, ""details"": {""outcome_name"": ""blocks of complementary individuals""}, ""evidence_id"": ""evidence_a4b8660fc3e849bd"", ""evidence_method"": {""entity_type"": ""evidence_method"", ""ontology"": null, ""value"": ""theoretical_argument""}, ""ontology"": {""annotation_type"": ""classification"", ""candidate_mappings"": [], ""mapping_method"": ""section_context_v1_string_fallback"", ""mapping_status"": ""unresolved"", ""normalized_text"": ""organizational_structure"", ""raw_text"": ""organizational_structure"", ""selected_mapping"": null}, ""outcome_type"": {""entity_type"": ""outcome_type"", ""ontology"": null, ""value"": ""concept""}, ""paper_id"": ""Roessler_Koellinger_2012"", ""presentation_type"": {""entity_type"": ""presentation_type"", ""ontology"": null, ""value"": ""text""}, ""role"": ""provides definition"", ""source_span_ids"": [""Roessler_Koellinger_2012-span-0045"", ""Roessler_Koellinger_2012-span-0046"", ""Roessler_Koellinger_2012-span-0047"", ""Roessler_Koellinger_2012-span-0048"", ""Roessler_Koellinger_2012-span-0049"", ""Roessler_Koellinger_2012-span-0050""], ""summary_text"": ""Firms will be blocks of complementary individuals who can create value, i.e. effectively manage each other, independently of outsiders.""}]","[{""claim_id"": ""claim_bf19b935cf8d4e7b"", ""confidence"": 0.8, ""evidence_id"": ""evidence_a4b8660fc3e849bd"", ""link_id"": ""claim_evidence_link_8785141d55a7b345"", ""relation"": ""supports""}]"
Roessler_Koellinger_2012,section_07a8db112a8ae560,Equilibrium membership and organization,OTHER,claim_1ab1cc0f6887629d,generic_result,Entrepreneurs assign the best available manager to each employee in equilibrium.,entrepreneurs,assign,best available manager,analysis_context=equilibrium play; setting=firm organization,"{""analysis_context"": {""entity_type"": ""analysis_context"", ""ontology"": null, ""value"": ""equilibrium play""}, ""setting"": {""entity_type"": ""setting"", ""ontology"": null, ""value"": ""firm organization""}}",,{},evidence_52135b09b736af05,1,theoretical_argument: This section derives the unique membership and organization of equilibrium firms by introducing specific constraints related to undominated strategies.,"[{""context"": {""condition"": {""entity_type"": ""condition"", ""ontology"": null, ""value"": ""equilibrium play""}, ""setting"": {""entity_type"": ""setting"", ""ontology"": null, ""value"": ""firm organization""}}, ""details"": {""outcome_name"": ""membership and organization of equilibrium firms""}, ""evidence_id"": ""evidence_52135b09b736af05"", ""evidence_method"": {""entity_type"": ""evidence_method"", ""ontology"": null, ""value"": ""theoretical_argument""}, ""ontology"": {""annotation_type"": ""classification"", ""candidate_mappings"": [], ""mapping_method"": ""section_context_v1_string_fallback"", ""mapping_status"": ""unresolved"", ""normalized_text"": ""organizational_structure"", ""raw_text"": ""organizational_structure"", ""selected_mapping"": null}, ""outcome_type"": {""entity_type"": ""outcome_type"", ""ontology"": null, ""value"": ""phenomenon""}, ""paper_id"": ""Roessler_Koellinger_2012"", ""presentation_type"": {""entity_type"": ""presentation_type"", ""ontology"": null, ""value"": ""text""}, ""role"": ""provides theoretical foundation"", ""source_span_ids"": [""Roessler_Koellinger_2012-span-0045"", ""Roessler_Koellinger_2012-span-0046"", ""Roessler_Koellinger_2012-span-0047"", ""Roessler_Koellinger_2012-span-0048"", ""Roessler_Koellinger_2012-span-0049"", ""Roessler_Koellinger_2012-span-0050""], ""summary_text"": ""This section derives the unique membership and organization of equilibrium firms by introducing specific constraints related to undominated strategies.""}]","[{""claim_id"": ""claim_1ab1cc0f6887629d"", ""confidence"": 0.8, ""evidence_id"": ""evidence_52135b09b736af05"", ""link_id"": ""claim_evidence_link_2cdbee8d69339edf"", ""relation"": ""supports""}]"
Roessler_Koellinger_2012,section_07a8db112a8ae560,Equilibrium membership and organization,OTHER,claim_236af9c34a144ee7,generic_result,Workers join the firm that makes the highest wage offer to them.,workers,join,firm with highest wage offer,condition=based on wage offers; setting=labor market,"{""condition"": {""entity_type"": ""condition"", ""ontology"": null, ""value"": ""based on wage offers""}, ""setting"": {""entity_type"": ""setting"", ""ontology"": null, ""value"": ""labor market""}}",,{},evidence_52135b09b736af05,1,theoretical_argument: This section derives the unique membership and organization of equilibrium firms by introducing specific constraints related to undominated strategies.,"[{""context"": {""condition"": {""entity_type"": ""condition"", ""ontology"": null, ""value"": ""equilibrium play""}, ""setting"": {""entity_type"": ""setting"", ""ontology"": null, ""value"": ""firm organization""}}, ""details"": {""outcome_name"": ""membership and organization of equilibrium firms""}, ""evidence_id"": ""evidence_52135b09b736af05"", ""evidence_method"": {""entity_type"": ""evidence_method"", ""ontology"": null, ""value"": ""theoretical_argument""}, ""ontology"": {""annotation_type"": ""classification"", ""candidate_mappings"": [], ""mapping_method"": ""section_context_v1_string_fallback"", ""mapping_status"": ""unresolved"", ""normalized_text"": ""organizational_structure"", ""raw_text"": ""organizational_structure"", ""selected_mapping"": null}, ""outcome_type"": {""entity_type"": ""outcome_type"", ""ontology"": null, ""value"": ""phenomenon""}, ""paper_id"": ""Roessler_Koellinger_2012"", ""presentation_type"": {""entity_type"": ""presentation_type"", ""ontology"": null, ""value"": ""text""}, ""role"": ""provides theoretical foundation"", ""source_span_ids"": [""Roessler_Koellinger_2012-span-0045"", ""Roessler_Koellinger_2012-span-0046"", ""Roessler_Koellinger_2012-span-0047"", ""Roessler_Koellinger_2012-span-0048"", ""Roessler_Koellinger_2012-span-0049"", ""Roessler_Koellinger_2012-span-0050""], ""summary_text"": ""This section derives the unique membership and organization of equilibrium firms by introducing specific constraints related to undominated strategies.""}]","[{""claim_id"": ""claim_236af9c34a144ee7"", ""confidence"": 0.8, ""evidence_id"": ""evidence_52135b09b736af05"", ""link_id"": ""claim_evidence_link_fdbdc540f079c84c"", ""relation"": ""supports""}]"
Roessler_Koellinger_2012,section_52abf54d416a5eb3,Lemma (P4). For all,OTHER,claim_e1407e4338d5f9c3,generic_result,Individuals choose to become entrepreneurs if wage offers do not meet a certain reservation level.,individuals,choose to become,entrepreneurs,condition=if wage offers do not exceed a reservation level,"{""condition"": {""entity_type"": ""condition"", ""ontology"": null, ""value"": ""if wage offers do not exceed a reservation level""}}",,{},evidence_62fd68df0ddd3d3e,1,"observation: Individuals prefer to accept the highest wage conditional on becoming workers, else they become entrepreneurs.","[{""context"": {}, ""details"": {""observation_type"": ""choice behavior""}, ""evidence_id"": ""evidence_62fd68df0ddd3d3e"", ""evidence_method"": {""entity_type"": ""evidence_method"", ""ontology"": null, ""value"": ""observation""}, ""ontology"": {""annotation_type"": ""classification"", ""candidate_mappings"": [], ""mapping_method"": ""section_context_v1_string_fallback"", ""mapping_status"": ""unresolved"", ""normalized_text"": ""labor_market"", ""raw_text"": ""labor_market"", ""selected_mapping"": null}, ""outcome_type"": {""entity_type"": ""outcome_type"", ""ontology"": null, ""value"": ""behavioral_outcome""}, ""paper_id"": ""Roessler_Koellinger_2012"", ""presentation_type"": {""entity_type"": ""presentation_type"", ""ontology"": null, ""value"": ""text""}, ""role"": ""supporting"", ""source_span_ids"": [""Roessler_Koellinger_2012-span-0051"", ""Roessler_Koellinger_2012-span-0052"", ""Roessler_Koellinger_2012-span-0053"", ""Roessler_Koellinger_2012-span-0054"", ""Roessler_Koellinger_2012-span-0055"", ""Roessler_Koellinger_2012-span-0056"", ""Roessler_Koellinger_2012-span-0057"", ""Roessler_Koellinger_2012-span-0058"", ""Roessler_Koellinger_2012-span-0059"", ""Roessler_Koellinger_2012-span-0060""], ""summary_text"": ""Individuals prefer to accept the highest wage conditional on becoming workers, else they become entrepreneurs.""}]","[{""claim_id"": ""claim_e1407e4338d5f9c3"", ""confidence"": 0.85, ""evidence_id"": ""evidence_62fd68df0ddd3d3e"", ""link_id"": ""claim_evidence_link_23d26ceff0d1c195"", ""relation"": ""supports""}]"
Roessler_Koellinger_2012,section_52abf54d416a5eb3,Lemma (P4). For all,OTHER,claim_df6a8a7c56f32120,generic_result,"In equilibrium firms, employees are optimally assigned to their ideal managers, leading to efficient equilibria.",employees,are assigned to,ideal managers,condition=in equilibrium firms,"{""condition"": {""entity_type"": ""condition"", ""ontology"": null, ""value"": ""in equilibrium firms""}}",directionality_note=leading to efficient equilibria,"{""directionality_note"": ""leading to efficient equilibria""}",evidence_eac937e5080b75ed,1,"theoretical_argument: Propositions indicate that under optimal conditions, employees are assigned to their ideal managers.","[{""context"": {""section_type"": {""entity_type"": ""section_type"", ""ontology"": null, ""value"": ""OTHER""}}, ""details"": {""argument_type"": ""assignment efficiency""}, ""evidence_id"": ""evidence_eac937e5080b75ed"", ""evidence_method"": {""entity_type"": ""evidence_method"", ""ontology"": null, ""value"": ""theoretical_argument""}, ""ontology"": {""annotation_type"": ""classification"", ""candidate_mappings"": [], ""mapping_method"": ""section_context_v1_string_fallback"", ""mapping_status"": ""unresolved"", ""normalized_text"": ""organizational_theory"", ""raw_text"": ""organizational_theory"", ""selected_mapping"": null}, ""outcome_type"": {""entity_type"": ""outcome_type"", ""ontology"": null, ""value"": ""organizational_structure""}, ""paper_id"": ""Roessler_Koellinger_2012"", ""presentation_type"": {""entity_type"": ""presentation_type"", ""ontology"": null, ""value"": ""text""}, ""role"": ""supporting"", ""source_span_ids"": [""Roessler_Koellinger_2012-span-0051"", ""Roessler_Koellinger_2012-span-0052"", ""Roessler_Koellinger_2012-span-0053"", ""Roessler_Koellinger_2012-span-0054"", ""Roessler_Koellinger_2012-span-0055"", ""Roessler_Koellinger_2012-span-0056"", ""Roessler_Koellinger_2012-span-0057"", ""Roessler_Koellinger_2012-span-0058"", ""Roessler_Koellinger_2012-span-0059"", ""Roessler_Koellinger_2012-span-0060""], ""summary_text"": ""Propositions indicate that under optimal conditions, employees are assigned to their ideal managers.""}]","[{""claim_id"": ""claim_df6a8a7c56f32120"", ""confidence"": 0.85, ""evidence_id"": ""evidence_eac937e5080b75ed"", ""link_id"": ""claim_evidence_link_9ff4309e3cb8c78a"", ""relation"": ""supports""}]"
Roessler_Koellinger_2012,section_52abf54d416a5eb3,Lemma (P4). For all,OTHER,claim_9c34457dd7757abf,generic_result,Equilibrium strategies ensure that the highest wage offer must be chosen in equilibrium.,equilibrium strategies,ensure that,highest wage offer,condition=in equilibrium,"{""condition"": {""entity_type"": ""condition"", ""ontology"": null, ""value"": ""in equilibrium""}}",,{},evidence_be72adb71c324205,1,theoretical_argument: The function selects an employer for those willing to accept the highest wage offer.,"[{""context"": {""section_type"": {""entity_type"": ""section_type"", ""ontology"": null, ""value"": ""OTHER""}}, ""details"": {""argument_type"": ""wage selection""}, ""evidence_id"": ""evidence_be72adb71c324205"", ""evidence_method"": {""entity_type"": ""evidence_method"", ""ontology"": null, ""value"": ""theoretical_argument""}, ""ontology"": {""annotation_type"": ""classification"", ""candidate_mappings"": [], ""mapping_method"": ""section_context_v1_string_fallback"", ""mapping_status"": ""unresolved"", ""normalized_text"": ""decision_making"", ""raw_text"": ""decision_making"", ""selected_mapping"": null}, ""outcome_type"": {""entity_type"": ""outcome_type"", ""ontology"": null, ""value"": ""decision_making""}, ""paper_id"": ""Roessler_Koellinger_2012"", ""presentation_type"": {""entity_type"": ""presentation_type"", ""ontology"": null, ""value"": ""text""}, ""role"": ""supporting"", ""source_span_ids"": [""Roessler_Koellinger_2012-span-0051"", ""Roessler_Koellinger_2012-span-0052"", ""Roessler_Koellinger_2012-span-0053"", ""Roessler_Koellinger_2012-span-0054"", ""Roessler_Koellinger_2012-span-0055"", ""Roessler_Koellinger_2012-span-0056"", ""Roessler_Koellinger_2012-span-0057"", ""Roessler_Koellinger_2012-span-0058"", ""Roessler_Koellinger_2012-span-0059"", ""Roessler_Koellinger_2012-span-0060""], ""summary_text"": ""The function selects an employer for those willing to accept the highest wage offer.""}]","[{""claim_id"": ""claim_9c34457dd7757abf"", ""confidence"": 0.85, ""evidence_id"": ""evidence_be72adb71c324205"", ""link_id"": ""claim_evidence_link_cf45454dc5ce8247"", ""relation"": ""supports""}]"
Roessler_Koellinger_2012,section_7ecae3d58dcf7440,Equilibrium technology: complements vs. substitutes,OTHER,claim_cba232e83ddde62e,generic_result,Workers can be substitutes or complements depending on their hierarchical roles within an organization.,workers,can be classified as,substitutes or complements,analysis_context=This classification is based on standard job matching models; condition=role hierarchy,"{""analysis_context"": {""entity_type"": ""analysis_context"", ""ontology"": null, ""value"": ""This classification is based on standard job matching models""}, ""condition"": {""entity_type"": ""condition"", ""ontology"": null, ""value"": ""role hierarchy""}}",,{},evidence_2d73bca48a39111d,1,"literature_review: The section discusses how the roles of workers as substitutes or complements depend on their hierarchy within a firm, impacting wage offers and employee value.","[{""context"": {}, ""details"": {""review_scope"": ""interaction roles in organizational structures""}, ""evidence_id"": ""evidence_2d73bca48a39111d"", ""evidence_method"": {""entity_type"": ""evidence_method"", ""ontology"": null, ""value"": ""literature_review""}, ""ontology"": {""annotation_type"": ""classification"", ""candidate_mappings"": [], ""mapping_method"": ""section_context_v1_string_fallback"", ""mapping_status"": ""unresolved"", ""normalized_text"": ""organizational dynamics"", ""raw_text"": ""organizational dynamics"", ""selected_mapping"": null}, ""outcome_type"": {""entity_type"": ""outcome_type"", ""ontology"": null, ""value"": ""organizational_structure""}, ""paper_id"": ""Roessler_Koellinger_2012"", ""presentation_type"": {""entity_type"": ""presentation_type"", ""ontology"": null, ""value"": ""text""}, ""role"": ""supporting evidence"", ""source_span_ids"": [""Roessler_Koellinger_2012-span-0061"", ""Roessler_Koellinger_2012-span-0062"", ""Roessler_Koellinger_2012-span-0063"", ""Roessler_Koellinger_2012-span-0064""], ""summary_text"": ""The section discusses how the roles of workers as substitutes or complements depend on their hierarchy within a firm, impacting wage offers and employee value.""}]","[{""claim_id"": ""claim_cba232e83ddde62e"", ""confidence"": 0.8, ""evidence_id"": ""evidence_2d73bca48a39111d"", ""link_id"": ""claim_evidence_link_669aafecbbdfeec8"", ""relation"": ""supports""}]"
Roessler_Koellinger_2012,section_7ecae3d58dcf7440,Equilibrium technology: complements vs. substitutes,OTHER,claim_2a77979436e9ee07,generic_result,The value added by a new hire increases the perceived value of existing employees when they interact at different levels of the hierarchy.,new hire,increases the value of,existing employees,,"{""analysis_context"": {""entity_type"": ""analysis_context"", ""ontology"": null, ""value"": """"}}",,{},evidence_2d73bca48a39111d,1,"literature_review: The section discusses how the roles of workers as substitutes or complements depend on their hierarchy within a firm, impacting wage offers and employee value.","[{""context"": {}, ""details"": {""review_scope"": ""interaction roles in organizational structures""}, ""evidence_id"": ""evidence_2d73bca48a39111d"", ""evidence_method"": {""entity_type"": ""evidence_method"", ""ontology"": null, ""value"": ""literature_review""}, ""ontology"": {""annotation_type"": ""classification"", ""candidate_mappings"": [], ""mapping_method"": ""section_context_v1_string_fallback"", ""mapping_status"": ""unresolved"", ""normalized_text"": ""organizational dynamics"", ""raw_text"": ""organizational dynamics"", ""selected_mapping"": null}, ""outcome_type"": {""entity_type"": ""outcome_type"", ""ontology"": null, ""value"": ""organizational_structure""}, ""paper_id"": ""Roessler_Koellinger_2012"", ""presentation_type"": {""entity_type"": ""presentation_type"", ""ontology"": null, ""value"": ""text""}, ""role"": ""supporting evidence"", ""source_span_ids"": [""Roessler_Koellinger_2012-span-0061"", ""Roessler_Koellinger_2012-span-0062"", ""Roessler_Koellinger_2012-span-0063"", ""Roessler_Koellinger_2012-span-0064""], ""summary_text"": ""The section discusses how the roles of workers as substitutes or complements depend on their hierarchy within a firm, impacting wage offers and employee value.""}]","[{""claim_id"": ""claim_2a77979436e9ee07"", ""confidence"": 0.8, ""evidence_id"": ""evidence_2d73bca48a39111d"", ""link_id"": ""claim_evidence_link_d95b8612a4cbc7e9"", ""relation"": ""supports""}]"
Roessler_Koellinger_2012,section_7ecae3d58dcf7440,Equilibrium technology: complements vs. substitutes,OTHER,claim_bcd2b17e422313ff,generic_result,Complementarity among workers increases overall productivity as more workers are added.,complementarity,increases,overall productivity,,"{""analysis_context"": {""entity_type"": ""analysis_context"", ""ontology"": null, ""value"": """"}}",,{},evidence_2d73bca48a39111d,1,"literature_review: The section discusses how the roles of workers as substitutes or complements depend on their hierarchy within a firm, impacting wage offers and employee value.","[{""context"": {}, ""details"": {""review_scope"": ""interaction roles in organizational structures""}, ""evidence_id"": ""evidence_2d73bca48a39111d"", ""evidence_method"": {""entity_type"": ""evidence_method"", ""ontology"": null, ""value"": ""literature_review""}, ""ontology"": {""annotation_type"": ""classification"", ""candidate_mappings"": [], ""mapping_method"": ""section_context_v1_string_fallback"", ""mapping_status"": ""unresolved"", ""normalized_text"": ""organizational dynamics"", ""raw_text"": ""organizational dynamics"", ""selected_mapping"": null}, ""outcome_type"": {""entity_type"": ""outcome_type"", ""ontology"": null, ""value"": ""organizational_structure""}, ""paper_id"": ""Roessler_Koellinger_2012"", ""presentation_type"": {""entity_type"": ""presentation_type"", ""ontology"": null, ""value"": ""text""}, ""role"": ""supporting evidence"", ""source_span_ids"": [""Roessler_Koellinger_2012-span-0061"", ""Roessler_Koellinger_2012-span-0062"", ""Roessler_Koellinger_2012-span-0063"", ""Roessler_Koellinger_2012-span-0064""], ""summary_text"": ""The section discusses how the roles of workers as substitutes or complements depend on their hierarchy within a firm, impacting wage offers and employee value.""}]","[{""claim_id"": ""claim_bcd2b17e422313ff"", ""confidence"": 0.8, ""evidence_id"": ""evidence_2d73bca48a39111d"", ""link_id"": ""claim_evidence_link_b3a14885bd7bc386"", ""relation"": ""supports""}]"
Roessler_Koellinger_2012,section_a34683213618aec8,Proposition (P8).,OTHER,claim_ad3ca230b23cab1f,generic_result,Wage offers are accepted based on the incremental profit made under managerial supervision.,wage offers,are_based_on,incremental profit made under managerial supervision,,{},,{},evidence_9c20789da1f81860,1,theoretical_argument: The equilibrium wage offers are determined by the productivity of managers overseeing the workers they supervise.,"[{""context"": {""section_type"": {""entity_type"": ""section_type"", ""ontology"": null, ""value"": ""OTHER""}}, ""details"": {""outcome_name"": ""wage offers""}, ""evidence_id"": ""evidence_9c20789da1f81860"", ""evidence_method"": {""entity_type"": ""evidence_method"", ""ontology"": null, ""value"": ""theoretical_argument""}, ""ontology"": {""annotation_type"": ""classification"", ""candidate_mappings"": [], ""mapping_method"": ""section_context_v1_string_fallback"", ""mapping_status"": ""unresolved"", ""normalized_text"": ""wage_dynamics"", ""raw_text"": ""wage_dynamics"", ""selected_mapping"": null}, ""outcome_type"": {""entity_type"": ""outcome_type"", ""ontology"": null, ""value"": ""quantitative_measure""}, ""paper_id"": ""Roessler_Koellinger_2012"", ""presentation_type"": {""entity_type"": ""presentation_type"", ""ontology"": null, ""value"": ""text""}, ""role"": ""query_evidence"", ""source_span_ids"": [""Roessler_Koellinger_2012-span-0070"", ""Roessler_Koellinger_2012-span-0071"", ""Roessler_Koellinger_2012-span-0072""], ""summary_text"": ""The equilibrium wage offers are determined by the productivity of managers overseeing the workers they supervise.""}]","[{""claim_id"": ""claim_ad3ca230b23cab1f"", ""confidence"": 0.85, ""evidence_id"": ""evidence_9c20789da1f81860"", ""link_id"": ""claim_evidence_link_68ab8b30f87c9020"", ""relation"": ""supports""}]"
Roessler_Koellinger_2012,section_a34683213618aec8,Proposition (P8).,OTHER,claim_4c658645e116e07e,generic_result,Managers receive compensation based on the difference between a worker's productivity and the best alternative manager's productivity.,managers,receive_compensation_based_on,difference between a worker's productivity and alternative manager's productivity,,{},,{},evidence_9c20789da1f81860,1,theoretical_argument: The equilibrium wage offers are determined by the productivity of managers overseeing the workers they supervise.,"[{""context"": {""section_type"": {""entity_type"": ""section_type"", ""ontology"": null, ""value"": ""OTHER""}}, ""details"": {""outcome_name"": ""wage offers""}, ""evidence_id"": ""evidence_9c20789da1f81860"", ""evidence_method"": {""entity_type"": ""evidence_method"", ""ontology"": null, ""value"": ""theoretical_argument""}, ""ontology"": {""annotation_type"": ""classification"", ""candidate_mappings"": [], ""mapping_method"": ""section_context_v1_string_fallback"", ""mapping_status"": ""unresolved"", ""normalized_text"": ""wage_dynamics"", ""raw_text"": ""wage_dynamics"", ""selected_mapping"": null}, ""outcome_type"": {""entity_type"": ""outcome_type"", ""ontology"": null, ""value"": ""quantitative_measure""}, ""paper_id"": ""Roessler_Koellinger_2012"", ""presentation_type"": {""entity_type"": ""presentation_type"", ""ontology"": null, ""value"": ""text""}, ""role"": ""query_evidence"", ""source_span_ids"": [""Roessler_Koellinger_2012-span-0070"", ""Roessler_Koellinger_2012-span-0071"", ""Roessler_Koellinger_2012-span-0072""], ""summary_text"": ""The equilibrium wage offers are determined by the productivity of managers overseeing the workers they supervise.""}]","[{""claim_id"": ""claim_4c658645e116e07e"", ""confidence"": 0.85, ""evidence_id"": ""evidence_9c20789da1f81860"", ""link_id"": ""claim_evidence_link_f7bee646bb3c4980"", ""relation"": ""supports""}]"
Roessler_Koellinger_2012,section_a34683213618aec8,Proposition (P8).,OTHER,claim_cf2d7b5d29f3a93b,generic_result,The arrangement of managerial compensation is one of several possibilities that can exist in equilibrium.,managerial compensation arrangement,is_one_of,several possibilities that can exist in equilibrium,,{},,{},evidence_9c20789da1f81860,1,theoretical_argument: The equilibrium wage offers are determined by the productivity of managers overseeing the workers they supervise.,"[{""context"": {""section_type"": {""entity_type"": ""section_type"", ""ontology"": null, ""value"": ""OTHER""}}, ""details"": {""outcome_name"": ""wage offers""}, ""evidence_id"": ""evidence_9c20789da1f81860"", ""evidence_method"": {""entity_type"": ""evidence_method"", ""ontology"": null, ""value"": ""theoretical_argument""}, ""ontology"": {""annotation_type"": ""classification"", ""candidate_mappings"": [], ""mapping_method"": ""section_context_v1_string_fallback"", ""mapping_status"": ""unresolved"", ""normalized_text"": ""wage_dynamics"", ""raw_text"": ""wage_dynamics"", ""selected_mapping"": null}, ""outcome_type"": {""entity_type"": ""outcome_type"", ""ontology"": null, ""value"": ""quantitative_measure""}, ""paper_id"": ""Roessler_Koellinger_2012"", ""presentation_type"": {""entity_type"": ""presentation_type"", ""ontology"": null, ""value"": ""text""}, ""role"": ""query_evidence"", ""source_span_ids"": [""Roessler_Koellinger_2012-span-0070"", ""Roessler_Koellinger_2012-span-0071"", ""Roessler_Koellinger_2012-span-0072""], ""summary_text"": ""The equilibrium wage offers are determined by the productivity of managers overseeing the workers they supervise.""}]","[{""claim_id"": ""claim_cf2d7b5d29f3a93b"", ""confidence"": 0.85, ""evidence_id"": ""evidence_9c20789da1f81860"", ""link_id"": ""claim_evidence_link_e483f26c56b7c2b9"", ""relation"": ""supports""}]"
Roessler_Koellinger_2012,section_23f469242fb55dbb,Proposition (P9). Entrepreneurial entry increases the average employee wage,OTHER,claim_c9bb9f2f3963d9a6,generic_result,Entrepreneurial entry increases average employee wages.,entrepreneurial entry,increases,average employee wages,condition=imitative entrepreneurial entry; population=employees; setting=labor market,"{""condition"": {""entity_type"": ""condition"", ""ontology"": null, ""value"": ""imitative entrepreneurial entry""}, ""population"": {""entity_type"": ""population"", ""ontology"": null, ""value"": ""employees""}, ""setting"": {""entity_type"": ""setting"", ""ontology"": null, ""value"": ""labor market""}}",,{},evidence_f6767ce79107a664,1,theoretical_argument: The additional entrepreneur increases competition in the labor market by introducing new jobs that represent alternative uses of each individuals' labor services.,"[{""context"": {""condition"": {""entity_type"": ""condition"", ""ontology"": null, ""value"": ""entrepreneurial entry""}, ""setting"": {""entity_type"": ""setting"", ""ontology"": null, ""value"": ""labor market""}}, ""details"": {""outcome_name"": ""average employee wages""}, ""evidence_id"": ""evidence_f6767ce79107a664"", ""evidence_method"": {""entity_type"": ""evidence_method"", ""ontology"": null, ""value"": ""theoretical_argument""}, ""ontology"": {""annotation_type"": ""classification"", ""candidate_mappings"": [], ""mapping_method"": ""section_context_v1_string_fallback"", ""mapping_status"": ""unresolved"", ""normalized_text"": ""economics"", ""raw_text"": ""economics"", ""selected_mapping"": null}, ""outcome_type"": {""entity_type"": ""outcome_type"", ""ontology"": null, ""value"": ""phenomenon""}, ""paper_id"": ""Roessler_Koellinger_2012"", ""presentation_type"": {""entity_type"": ""presentation_type"", ""ontology"": null, ""value"": ""text""}, ""role"": ""supporting evidence"", ""source_span_ids"": [""Roessler_Koellinger_2012-span-0074"", ""Roessler_Koellinger_2012-span-0075"", ""Roessler_Koellinger_2012-span-0076"", ""Roessler_Koellinger_2012-span-0077"", ""Roessler_Koellinger_2012-span-0078"", ""Roessler_Koellinger_2012-span-0079""], ""summary_text"": ""The additional entrepreneur increases competition in the labor market by introducing new jobs that represent alternative uses of each individuals' labor services.""}]","[{""claim_id"": ""claim_c9bb9f2f3963d9a6"", ""confidence"": null, ""evidence_id"": ""evidence_f6767ce79107a664"", ""link_id"": ""claim_evidence_link_d12865aa1c974261"", ""relation"": ""supports""}]"
Roessler_Koellinger_2012,section_23f469242fb55dbb,Proposition (P9). Entrepreneurial entry increases the average employee wage,OTHER,claim_b1f24b981c6d0a41,generic_result,Incumbent entrepreneurs experience a decrease in average income due to employee turnover.,incumbent entrepreneurs,experience,decrease in average income,condition=employee turnover; population=incumbent entrepreneurs; setting=labor market,"{""condition"": {""entity_type"": ""condition"", ""ontology"": null, ""value"": ""employee turnover""}, ""population"": {""entity_type"": ""population"", ""ontology"": null, ""value"": ""incumbent entrepreneurs""}, ""setting"": {""entity_type"": ""setting"", ""ontology"": null, ""value"": ""labor market""}}",,{},evidence_2b981bf068b59bb5,1,theoretical_argument: The average employee wage strictly increases (and average income of incumbent entrepreneurs strictly decreases) when imitative entrepreneurial entry occurs.,"[{""context"": {""condition"": {""entity_type"": ""condition"", ""ontology"": null, ""value"": ""imitative entrepreneurial entry""}}, ""details"": {""outcome_name"": ""average employee wages""}, ""evidence_id"": ""evidence_2b981bf068b59bb5"", ""evidence_method"": {""entity_type"": ""evidence_method"", ""ontology"": null, ""value"": ""theoretical_argument""}, ""ontology"": {""annotation_type"": ""classification"", ""candidate_mappings"": [], ""mapping_method"": ""section_context_v1_string_fallback"", ""mapping_status"": ""unresolved"", ""normalized_text"": ""economics"", ""raw_text"": ""economics"", ""selected_mapping"": null}, ""outcome_type"": {""entity_type"": ""outcome_type"", ""ontology"": null, ""value"": ""phenomenon""}, ""paper_id"": ""Roessler_Koellinger_2012"", ""presentation_type"": {""entity_type"": ""presentation_type"", ""ontology"": null, ""value"": ""text""}, ""role"": ""supporting evidence"", ""source_span_ids"": [""Roessler_Koellinger_2012-span-0074"", ""Roessler_Koellinger_2012-span-0075"", ""Roessler_Koellinger_2012-span-0076"", ""Roessler_Koellinger_2012-span-0077"", ""Roessler_Koellinger_2012-span-0078"", ""Roessler_Koellinger_2012-span-0079""], ""summary_text"": ""The average employee wage strictly increases (and average income of incumbent entrepreneurs strictly decreases) when imitative entrepreneurial entry occurs.""}]","[{""claim_id"": ""claim_b1f24b981c6d0a41"", ""confidence"": null, ""evidence_id"": ""evidence_2b981bf068b59bb5"", ""link_id"": ""claim_evidence_link_0ff75334d0908b0c"", ""relation"": ""supports""}]"
Roessler_Koellinger_2012,section_dd4bbf764e2a75ff,Relative payoffs: employees vs. entrepreneurs,OTHER,claim_ce304226f49f25f9,generic_result,The expected monetary return to entrepreneurship is generally found to be low or negative compared to wage income.,entrepreneurship,has_expected_return,low or negative monetary return,,{},,{},evidence_e616cc89d441e624,1,"literature_review: The expected monetary return to entrepreneurship is generally low or negative, further supported by various scholarly arguments.","[{""context"": {}, ""details"": {""review_scope"": ""Previous literature on entrepreneurship's income potential.""}, ""evidence_id"": ""evidence_e616cc89d441e624"", ""evidence_method"": {""entity_type"": ""evidence_method"", ""ontology"": null, ""value"": ""literature_review""}, ""ontology"": {""annotation_type"": ""classification"", ""candidate_mappings"": [], ""mapping_method"": ""section_context_v1_string_fallback"", ""mapping_status"": ""unresolved"", ""normalized_text"": ""economic_theory"", ""raw_text"": ""economic_theory"", ""selected_mapping"": null}, ""outcome_type"": {""entity_type"": ""outcome_type"", ""ontology"": null, ""value"": ""economic outcome""}, ""paper_id"": ""Roessler_Koellinger_2012"", ""presentation_type"": {""entity_type"": ""presentation_type"", ""ontology"": null, ""value"": ""text""}, ""role"": ""main evidence"", ""source_span_ids"": [""Roessler_Koellinger_2012-span-0080"", ""Roessler_Koellinger_2012-span-0081"", ""Roessler_Koellinger_2012-span-0082"", ""Roessler_Koellinger_2012-span-0083"", ""Roessler_Koellinger_2012-span-0084"", ""Roessler_Koellinger_2012-span-0085"", ""Roessler_Koellinger_2012-span-0086"", ""Roessler_Koellinger_2012-span-0087""], ""summary_text"": ""The expected monetary return to entrepreneurship is generally low or negative, further supported by various scholarly arguments.""}]","[{""claim_id"": ""claim_ce304226f49f25f9"", ""confidence"": 0.85, ""evidence_id"": ""evidence_e616cc89d441e624"", ""link_id"": ""claim_evidence_link_27b67318d8c5cf5f"", ""relation"": ""supports""}]"
Roessler_Koellinger_2012,section_dd4bbf764e2a75ff,Relative payoffs: employees vs. entrepreneurs,OTHER,claim_7f4fd03f841830af,mechanistic_claim,Competition in the labor market raises opportunity costs for entrepreneurs by forcing them to invent roles for employees that maximize their productivities.,competition in the labor market,raises_opportunity_costs_for,entrepreneurs,mechanism=forces entrepreneurs to invent roles for employees that maximize their productivities,"{""mechanism"": {""entity_type"": ""mechanism"", ""ontology"": null, ""value"": ""forces entrepreneurs to invent roles for employees that maximize their productivities""}}",,{},evidence_4c5129d028893209,1,"theoretical_argument: Competition in the labor market compels entrepreneurs to maximize employee productivity, increasing their own opportunity costs.","[{""context"": {""section_type"": {""entity_type"": ""section_type"", ""ontology"": null, ""value"": ""OTHER""}}, ""details"": {""argument_type"": ""mechanism of competition impact on opportunity cost.""}, ""evidence_id"": ""evidence_4c5129d028893209"", ""evidence_method"": {""entity_type"": ""evidence_method"", ""ontology"": null, ""value"": ""theoretical_argument""}, ""ontology"": {""annotation_type"": ""classification"", ""candidate_mappings"": [], ""mapping_method"": ""section_context_v1_string_fallback"", ""mapping_status"": ""unresolved"", ""normalized_text"": ""economic_theory"", ""raw_text"": ""economic_theory"", ""selected_mapping"": null}, ""outcome_type"": {""entity_type"": ""outcome_type"", ""ontology"": null, ""value"": ""economic outcome""}, ""paper_id"": ""Roessler_Koellinger_2012"", ""presentation_type"": {""entity_type"": ""presentation_type"", ""ontology"": null, ""value"": ""text""}, ""role"": ""main evidence"", ""source_span_ids"": [""Roessler_Koellinger_2012-span-0080"", ""Roessler_Koellinger_2012-span-0081"", ""Roessler_Koellinger_2012-span-0082"", ""Roessler_Koellinger_2012-span-0083"", ""Roessler_Koellinger_2012-span-0084"", ""Roessler_Koellinger_2012-span-0085"", ""Roessler_Koellinger_2012-span-0086"", ""Roessler_Koellinger_2012-span-0087""], ""summary_text"": ""Competition in the labor market compels entrepreneurs to maximize employee productivity, increasing their own opportunity costs.""}]","[{""claim_id"": ""claim_7f4fd03f841830af"", ""confidence"": 0.85, ""evidence_id"": ""evidence_4c5129d028893209"", ""link_id"": ""claim_evidence_link_92450495084f4da2"", ""relation"": ""supports""}]"
Roessler_Koellinger_2012,section_dd4bbf764e2a75ff,Relative payoffs: employees vs. entrepreneurs,OTHER,claim_78e7399f7ed14059,generic_result,"In equilibrium, average employee income can be higher than entrepreneurial income.",average employee income,is_higher_than,entrepreneurial income,analysis_context=in equilibrium,"{""analysis_context"": {""entity_type"": ""analysis_context"", ""ontology"": null, ""value"": ""in equilibrium""}}",,{},evidence_7a06cde487de8f8e,1,"theoretical_argument: In equilibrium, due to competition and managerial allocation, average employee income may surpass that of entrepreneurs.","[{""context"": {""section_type"": {""entity_type"": ""section_type"", ""ontology"": null, ""value"": ""OTHER""}}, ""details"": {""argument_type"": ""effects of organizational management on income distribution.""}, ""evidence_id"": ""evidence_7a06cde487de8f8e"", ""evidence_method"": {""entity_type"": ""evidence_method"", ""ontology"": null, ""value"": ""theoretical_argument""}, ""ontology"": {""annotation_type"": ""classification"", ""candidate_mappings"": [], ""mapping_method"": ""section_context_v1_string_fallback"", ""mapping_status"": ""unresolved"", ""normalized_text"": ""economic_theory"", ""raw_text"": ""economic_theory"", ""selected_mapping"": null}, ""outcome_type"": {""entity_type"": ""outcome_type"", ""ontology"": null, ""value"": ""economic outcome""}, ""paper_id"": ""Roessler_Koellinger_2012"", ""presentation_type"": {""entity_type"": ""presentation_type"", ""ontology"": null, ""value"": ""text""}, ""role"": ""case analysis"", ""source_span_ids"": [""Roessler_Koellinger_2012-span-0080"", ""Roessler_Koellinger_2012-span-0081"", ""Roessler_Koellinger_2012-span-0082"", ""Roessler_Koellinger_2012-span-0083"", ""Roessler_Koellinger_2012-span-0084"", ""Roessler_Koellinger_2012-span-0085"", ""Roessler_Koellinger_2012-span-0086"", ""Roessler_Koellinger_2012-span-0087""], ""summary_text"": ""In equilibrium, due to competition and managerial allocation, average employee income may surpass that of entrepreneurs.""}]","[{""claim_id"": ""claim_78e7399f7ed14059"", ""confidence"": 0.85, ""evidence_id"": ""evidence_7a06cde487de8f8e"", ""link_id"": ""claim_evidence_link_3ad968a5fb6ffdf8"", ""relation"": ""supports""}]"
Roessler_Koellinger_2012,section_dd4bbf764e2a75ff,Relative payoffs: employees vs. entrepreneurs,OTHER,claim_d92518d5608554cd,mechanistic_claim,The entry of new entrepreneurs tends to raise employee wages but can lower entrepreneurial incomes.,entry of new entrepreneurs,tends_to_raise,employee wages,,{},directionality_note=can lower entrepreneurial incomes,"{""directionality_note"": ""can lower entrepreneurial incomes""}",evidence_94760cadc76d1554,1,"theoretical_argument: The introduction of new entrepreneurs leads to increased competition for employee roles, which can enhance employee wages.","[{""context"": {""section_type"": {""entity_type"": ""section_type"", ""ontology"": null, ""value"": ""OTHER""}}, ""details"": {""argument_type"": ""impact of entrepreneur entry on wage dynamics.""}, ""evidence_id"": ""evidence_94760cadc76d1554"", ""evidence_method"": {""entity_type"": ""evidence_method"", ""ontology"": null, ""value"": ""theoretical_argument""}, ""ontology"": {""annotation_type"": ""classification"", ""candidate_mappings"": [], ""mapping_method"": ""section_context_v1_string_fallback"", ""mapping_status"": ""unresolved"", ""normalized_text"": ""economic_theory"", ""raw_text"": ""economic_theory"", ""selected_mapping"": null}, ""outcome_type"": {""entity_type"": ""outcome_type"", ""ontology"": null, ""value"": ""economic outcome""}, ""paper_id"": ""Roessler_Koellinger_2012"", ""presentation_type"": {""entity_type"": ""presentation_type"", ""ontology"": null, ""value"": ""text""}, ""role"": ""economic dynamic"", ""source_span_ids"": [""Roessler_Koellinger_2012-span-0080"", ""Roessler_Koellinger_2012-span-0081"", ""Roessler_Koellinger_2012-span-0082"", ""Roessler_Koellinger_2012-span-0083"", ""Roessler_Koellinger_2012-span-0084"", ""Roessler_Koellinger_2012-span-0085"", ""Roessler_Koellinger_2012-span-0086"", ""Roessler_Koellinger_2012-span-0087""], ""summary_text"": ""The introduction of new entrepreneurs leads to increased competition for employee roles, which can enhance employee wages.""}]","[{""claim_id"": ""claim_d92518d5608554cd"", ""confidence"": 0.85, ""evidence_id"": ""evidence_94760cadc76d1554"", ""link_id"": ""claim_evidence_link_e6aea593c135b2eb"", ""relation"": ""supports""}]"
Roessler_Koellinger_2012,section_124926a19dbc799c,Conclusion,DISCUSSION,claim_0319114cb3222144,generic_result,Entrepreneurial entry increases average wage income.,entrepreneurial entry,increases,average wage income,,{},,{},evidence_33291cc2e1714c3e,1,"theoretical_argument: The framework acknowledges the interactions between employees and entrepreneurs, where the entry of new entrepreneurs can lead to increased average wages despite potential income losses for some employees due to shifts in organizational hierarchies.","[{""context"": {""section_type"": {""entity_type"": ""section_type"", ""ontology"": null, ""value"": ""DISCUSSION""}}, ""details"": {}, ""evidence_id"": ""evidence_33291cc2e1714c3e"", ""evidence_method"": {""entity_type"": ""evidence_method"", ""ontology"": null, ""value"": ""theoretical_argument""}, ""ontology"": {""annotation_type"": ""classification"", ""candidate_mappings"": [], ""mapping_method"": ""section_context_v1_string_fallback"", ""mapping_status"": ""unresolved"", ""normalized_text"": ""economic_effects"", ""raw_text"": ""economic_effects"", ""selected_mapping"": null}, ""outcome_type"": {""entity_type"": ""outcome_type"", ""ontology"": null, ""value"": ""economic_effect""}, ""paper_id"": ""Roessler_Koellinger_2012"", ""presentation_type"": {""entity_type"": ""presentation_type"", ""ontology"": null, ""value"": ""text""}, ""role"": ""supporting evidence"", ""source_span_ids"": [""Roessler_Koellinger_2012-span-0088"", ""Roessler_Koellinger_2012-span-0089"", ""Roessler_Koellinger_2012-span-0090"", ""Roessler_Koellinger_2012-span-0091"", ""Roessler_Koellinger_2012-span-0092"", ""Roessler_Koellinger_2012-span-0093"", ""Roessler_Koellinger_2012-span-0094"", ""Roessler_Koellinger_2012-span-0095"", ""Roessler_Koellinger_2012-span-0096"", ""Roessler_Koellinger_2012-span-0097"", ""Roessler_Koellinger_2012-span-0098"", ""Roessler_Koellinger_2012-span-0099"", ""Roessler_Koellinger_2012-span-0100"", ""Roessler_Koellinger_2012-span-0101"", ""Roessler_Koellinger_2012-span-0102"", ""Roessler_Koellinger_2012-span-0103"", ""Roessler_Koellinger_2012-span-0104"", ""Roessler_Koellinger_2012-span-0105"", ""Roessler_Koellinger_2012-span-0106"", ""Roessler_Koellinger_2012-span-0107"", ""Roessler_Koellinger_2012-span-0108"", ""Roessler_Koellinger_2012-span-0109"", ""Roessler_Koellinger_2012-span-0110"", ""Roessler_Koellinger_2012-span-0111"", ""Roessler_Koellinger_2012-span-0112"", ""Roessler_Koellinger_2012-span-0113"", ""Roessler_Koellinger_2012-span-0114"", ""Roessler_Koellinger_2012-span-0115"", ""Roessler_Koellinger_2012-span-0116"", ""Roessler_Koellinger_2012-span-0117"", ""Roessler_Koellinger_2012-span-0118"", ""Roessler_Koellinger_2012-span-0119"", ""Roessler_Koellinger_2012-span-0120"", ""Roessler_Koellinger_2012-span-0121"", ""Roessler_Koellinger_2012-span-0122"", ""Roessler_Koellinger_2012-span-0123"", ""Roessler_Koellinger_2012-span-0124"", ""Roessler_Koellinger_2012-span-0125"", ""Roessler_Koellinger_2012-span-0126"", ""Roessler_Koellinger_2012-span-0127"", ""Roessler_Koellinger_2012-span-0128"", ""Roessler_Koellinger_2012-span-0129"", ""Roessler_Koellinger_2012-span-0130"", ""Roessler_Koellinger_2012-span-0131"", ""Roessler_Koellinger_2012-span-0132"", ""Roessler_Koellinger_2012-span-0133"", ""Roessler_Koellinger_2012-span-0134""], ""summary_text"": ""The framework acknowledges the interactions between employees and entrepreneurs, where the entry of new entrepreneurs can lead to increased average wages despite potential income losses for some employees due to shifts in organizational hierarchies.""}]","[{""claim_id"": ""claim_0319114cb3222144"", ""confidence"": null, ""evidence_id"": ""evidence_33291cc2e1714c3e"", ""link_id"": ""claim_evidence_link_77f033accbf60f0d"", ""relation"": ""is_supported_by""}]"
Roessler_Koellinger_2012,section_124926a19dbc799c,Conclusion,DISCUSSION,claim_1ede82e041589361,generic_result,The presence of new entrepreneurs can adversely affect wages for some workers.,new entrepreneurs,can adversely affect,wages for some workers,,{},,{},evidence_33291cc2e1714c3e,1,"theoretical_argument: The framework acknowledges the interactions between employees and entrepreneurs, where the entry of new entrepreneurs can lead to increased average wages despite potential income losses for some employees due to shifts in organizational hierarchies.","[{""context"": {""section_type"": {""entity_type"": ""section_type"", ""ontology"": null, ""value"": ""DISCUSSION""}}, ""details"": {}, ""evidence_id"": ""evidence_33291cc2e1714c3e"", ""evidence_method"": {""entity_type"": ""evidence_method"", ""ontology"": null, ""value"": ""theoretical_argument""}, ""ontology"": {""annotation_type"": ""classification"", ""candidate_mappings"": [], ""mapping_method"": ""section_context_v1_string_fallback"", ""mapping_status"": ""unresolved"", ""normalized_text"": ""economic_effects"", ""raw_text"": ""economic_effects"", ""selected_mapping"": null}, ""outcome_type"": {""entity_type"": ""outcome_type"", ""ontology"": null, ""value"": ""economic_effect""}, ""paper_id"": ""Roessler_Koellinger_2012"", ""presentation_type"": {""entity_type"": ""presentation_type"", ""ontology"": null, ""value"": ""text""}, ""role"": ""supporting evidence"", ""source_span_ids"": [""Roessler_Koellinger_2012-span-0088"", ""Roessler_Koellinger_2012-span-0089"", ""Roessler_Koellinger_2012-span-0090"", ""Roessler_Koellinger_2012-span-0091"", ""Roessler_Koellinger_2012-span-0092"", ""Roessler_Koellinger_2012-span-0093"", ""Roessler_Koellinger_2012-span-0094"", ""Roessler_Koellinger_2012-span-0095"", ""Roessler_Koellinger_2012-span-0096"", ""Roessler_Koellinger_2012-span-0097"", ""Roessler_Koellinger_2012-span-0098"", ""Roessler_Koellinger_2012-span-0099"", ""Roessler_Koellinger_2012-span-0100"", ""Roessler_Koellinger_2012-span-0101"", ""Roessler_Koellinger_2012-span-0102"", ""Roessler_Koellinger_2012-span-0103"", ""Roessler_Koellinger_2012-span-0104"", ""Roessler_Koellinger_2012-span-0105"", ""Roessler_Koellinger_2012-span-0106"", ""Roessler_Koellinger_2012-span-0107"", ""Roessler_Koellinger_2012-span-0108"", ""Roessler_Koellinger_2012-span-0109"", ""Roessler_Koellinger_2012-span-0110"", ""Roessler_Koellinger_2012-span-0111"", ""Roessler_Koellinger_2012-span-0112"", ""Roessler_Koellinger_2012-span-0113"", ""Roessler_Koellinger_2012-span-0114"", ""Roessler_Koellinger_2012-span-0115"", ""Roessler_Koellinger_2012-span-0116"", ""Roessler_Koellinger_2012-span-0117"", ""Roessler_Koellinger_2012-span-0118"", ""Roessler_Koellinger_2012-span-0119"", ""Roessler_Koellinger_2012-span-0120"", ""Roessler_Koellinger_2012-span-0121"", ""Roessler_Koellinger_2012-span-0122"", ""Roessler_Koellinger_2012-span-0123"", ""Roessler_Koellinger_2012-span-0124"", ""Roessler_Koellinger_2012-span-0125"", ""Roessler_Koellinger_2012-span-0126"", ""Roessler_Koellinger_2012-span-0127"", ""Roessler_Koellinger_2012-span-0128"", ""Roessler_Koellinger_2012-span-0129"", ""Roessler_Koellinger_2012-span-0130"", ""Roessler_Koellinger_2012-span-0131"", ""Roessler_Koellinger_2012-span-0132"", ""Roessler_Koellinger_2012-span-0133"", ""Roessler_Koellinger_2012-span-0134""], ""summary_text"": ""The framework acknowledges the interactions between employees and entrepreneurs, where the entry of new entrepreneurs can lead to increased average wages despite potential income losses for some employees due to shifts in organizational hierarchies.""}]","[{""claim_id"": ""claim_1ede82e041589361"", ""confidence"": null, ""evidence_id"": ""evidence_33291cc2e1714c3e"", ""link_id"": ""claim_evidence_link_e441e98babf56c4f"", ""relation"": ""is_supported_by""}]"
Roessler_Koellinger_2012,section_124926a19dbc799c,Conclusion,DISCUSSION,claim_5147e0f17115da1c,generic_result,Entrepreneurs choose hierarchical organizations to delegate tasks.,entrepreneurs,choose,hierarchical organizations,,{},,{},evidence_e120ac2d01562461,1,"theoretical_argument: Our framework accounts for this. Rather than assume a particular technology where workers are either substitutes or complements, we recognize that entrepreneurs have an incentive to delegate by building hierarchical organizations, where employees perform quasi-entrepreneurial tasks.","[{""context"": {""section_type"": {""entity_type"": ""section_type"", ""ontology"": null, ""value"": ""DISCUSSION""}}, ""details"": {}, ""evidence_id"": ""evidence_e120ac2d01562461"", ""evidence_method"": {""entity_type"": ""evidence_method"", ""ontology"": null, ""value"": ""theoretical_argument""}, ""ontology"": {""annotation_type"": ""classification"", ""candidate_mappings"": [], ""mapping_method"": ""section_context_v1_string_fallback"", ""mapping_status"": ""unresolved"", ""normalized_text"": ""organization_design"", ""raw_text"": ""organization_design"", ""selected_mapping"": null}, ""outcome_type"": {""entity_type"": ""outcome_type"", ""ontology"": null, ""value"": ""organizational_structure""}, ""paper_id"": ""Roessler_Koellinger_2012"", ""presentation_type"": {""entity_type"": ""presentation_type"", ""ontology"": null, ""value"": ""text""}, ""role"": ""supporting evidence"", ""source_span_ids"": [""Roessler_Koellinger_2012-span-0088"", ""Roessler_Koellinger_2012-span-0089"", ""Roessler_Koellinger_2012-span-0090"", ""Roessler_Koellinger_2012-span-0091"", ""Roessler_Koellinger_2012-span-0092"", ""Roessler_Koellinger_2012-span-0093"", ""Roessler_Koellinger_2012-span-0094"", ""Roessler_Koellinger_2012-span-0095"", ""Roessler_Koellinger_2012-span-0096"", ""Roessler_Koellinger_2012-span-0097"", ""Roessler_Koellinger_2012-span-0098"", ""Roessler_Koellinger_2012-span-0099"", ""Roessler_Koellinger_2012-span-0100"", ""Roessler_Koellinger_2012-span-0101"", ""Roessler_Koellinger_2012-span-0102"", ""Roessler_Koellinger_2012-span-0103"", ""Roessler_Koellinger_2012-span-0104"", ""Roessler_Koellinger_2012-span-0105"", ""Roessler_Koellinger_2012-span-0106"", ""Roessler_Koellinger_2012-span-0107"", ""Roessler_Koellinger_2012-span-0108"", ""Roessler_Koellinger_2012-span-0109"", ""Roessler_Koellinger_2012-span-0110"", ""Roessler_Koellinger_2012-span-0111"", ""Roessler_Koellinger_2012-span-0112"", ""Roessler_Koellinger_2012-span-0113"", ""Roessler_Koellinger_2012-span-0114"", ""Roessler_Koellinger_2012-span-0115"", ""Roessler_Koellinger_2012-span-0116"", ""Roessler_Koellinger_2012-span-0117"", ""Roessler_Koellinger_2012-span-0118"", ""Roessler_Koellinger_2012-span-0119"", ""Roessler_Koellinger_2012-span-0120"", ""Roessler_Koellinger_2012-span-0121"", ""Roessler_Koellinger_2012-span-0122"", ""Roessler_Koellinger_2012-span-0123"", ""Roessler_Koellinger_2012-span-0124"", ""Roessler_Koellinger_2012-span-0125"", ""Roessler_Koellinger_2012-span-0126"", ""Roessler_Koellinger_2012-span-0127"", ""Roessler_Koellinger_2012-span-0128"", ""Roessler_Koellinger_2012-span-0129"", ""Roessler_Koellinger_2012-span-0130"", ""Roessler_Koellinger_2012-span-0131"", ""Roessler_Koellinger_2012-span-0132"", ""Roessler_Koellinger_2012-span-0133"", ""Roessler_Koellinger_2012-span-0134""], ""summary_text"": ""Our framework accounts for this. Rather than assume a particular technology where workers are either substitutes or complements, we recognize that entrepreneurs have an incentive to delegate by building hierarchical organizations, where employees perform quasi-entrepreneurial tasks.""}]","[{""claim_id"": ""claim_5147e0f17115da1c"", ""confidence"": null, ""evidence_id"": ""evidence_e120ac2d01562461"", ""link_id"": ""claim_evidence_link_c8c589d2b5ead91b"", ""relation"": ""is_supported_by""}]"
